id,first_name,last_name,email,department,salary,hire_date
1,Willyt,Edgett,wedgett0@opera.com,Engineering,2655,7/9/2017
2,Chrisse,Youde,cyoude1@constantcontact.com,Human Resources,2946,3/19/2017
3,Deerdre,Ox,dox2@adobe.com,Product Management,2817,7/29/2018
4,Granthem,Swainsbury,gswainsbury3@wikipedia.org,Business Development,1952,6/22/2013
5,Erskine,Janecki,ejanecki4@nature.com,Engineering,1594,10/31/2018
6,Jess,Bointon,jbointon5@technorati.com,Training,2841,1/11/2015
7,Dimitry,Narracott,dnarracott6@prnewswire.com,Services,2657,4/30/2018
8,Ardra,Bassilashvili,abassilashvili7@noaa.gov,Training,1662,6/6/2011
9,Bailey,Valek,bvalek8@diigo.com,Research and Development,1292,2/10/2011
10,Currie,Fishley,cfishley9@merriam-webster.com,Sales,1543,2/1/2013
11,Devonne,Aizikovitz,daizikovitza@photobucket.com,Services,1917,11/9/2011
12,Loreen,Foulser,lfoulserb@howstuffworks.com,Services,2927,5/23/2017
13,Moina,McDonald,mmcdonaldc@netlog.com,Product Management,1171,9/26/2012
14,Siward,Strauss,sstraussd@ihg.com,Business Development,1768,10/20/2017
15,Ky,O'Skehan,koskehane@a8.net,Accounting,1413,1/19/2019
16,Hillard,Tregenna,htregennaf@java.com,Human Resources,1516,5/29/2019
17,Juliane,Russell,jrussellg@jigsy.com,Business Development,1662,4/7/2019
18,Zelig,Schulze,zschulzeh@pagesperso-orange.fr,Human Resources,1247,12/6/2018
19,Artemus,Gonnel,agonneli@theguardian.com,Human Resources,2384,1/22/2016
20,Sabina,Drayn,sdraynj@craigslist.org,Accounting,2412,12/19/2018
21,Delilah,Iacomelli,diacomellik@dmoz.org,Human Resources,1666,8/16/2012
22,Kalie,Creelman,kcreelmanl@desdev.cn,Legal,1804,7/5/2017
23,Hurley,Kislingbury,hkislingburym@bing.com,Engineering,1678,2/19/2017
24,Staford,Devonside,sdevonsiden@seesaa.net,Training,2923,6/21/2019
25,Crissie,Lydiard,clydiardo@smugmug.com,Legal,2800,9/23/2018
26,Rod,Gatehouse,rgatehousep@yolasite.com,Business Development,1796,6/9/2014
27,Roz,Jewes,rjewesq@exblog.jp,Training,1270,3/19/2014
28,Bethina,Donke,bdonker@php.net,Marketing,2473,4/19/2015
29,Brandice,Coursor,bcoursors@google.co.jp,Marketing,1288,9/13/2017
30,Stirling,Josefer,sjosefert@usatoday.com,Sales,1120,6/1/2012
31,Alexis,Targe,atargeu@digg.com,Legal,2424,5/5/2018
32,Jess,Sturr,jsturrv@google.ca,Services,1567,9/28/2011
33,Nicolle,Latus,nlatusw@quantcast.com,Marketing,1907,12/1/2017
34,Ermina,Tant,etantx@nymag.com,Business Development,2051,7/28/2014
35,Vinson,Witty,vwittyy@diigo.com,Accounting,2642,6/27/2013
36,Gran,Callicott,gcallicottz@ocn.ne.jp,Human Resources,1849,12/20/2012
37,Yehudi,Zettler,yzettler10@marketwatch.com,Support,2397,12/30/2018
38,Fredelia,Macieja,fmacieja11@odnoklassniki.ru,Services,1396,1/13/2017
39,Winn,Deboy,wdeboy12@unicef.org,Business Development,1527,1/19/2018
40,Gillian,Denney,gdenney13@creativecommons.org,Support,1927,10/14/2017
41,Hilary,Phillips,hphillips14@columbia.edu,Research and Development,2502,12/27/2011
42,Reynolds,Mattam,rmattam15@flavors.me,Human Resources,1394,6/5/2017
43,Harland,Goodram,hgoodram16@t-online.de,Accounting,2910,8/15/2019
44,Klement,Strewthers,kstrewthers17@cpanel.net,Engineering,2725,3/3/2013
45,Toby,Stitwell,tstitwell18@elegantthemes.com,Accounting,2703,12/15/2016
46,Dre,Pedgrift,dpedgrift19@163.com,Human Resources,1949,8/18/2018
47,Jervis,Catterell,jcatterell1a@tmall.com,Accounting,1503,4/21/2011
48,Gardy,Matisoff,gmatisoff1b@toplist.cz,Legal,2641,1/21/2016
49,Gypsy,Lelliott,glelliott1c@cdbaby.com,Training,1743,5/3/2017
50,Corly,Lowder,clowder1d@free.fr,Research and Development,2914,4/18/2015
51,Carly,Oliveti,coliveti1e@va.gov,Human Resources,2495,3/24/2018
52,Des,Plumm,dplumm1f@alexa.com,Support,2688,1/9/2016
53,Paolina,Skipsey,pskipsey1g@nytimes.com,Research and Development,1196,9/10/2014
54,Benton,Westoll,bwestoll1h@mac.com,Accounting,1454,11/8/2013
55,Ros,Coling,rcoling1i@soup.io,Support,2088,2/6/2018
56,Cheryl,Tonn,ctonn1j@scribd.com,Engineering,1708,8/3/2012
57,Graig,Henriques,ghenriques1k@wunderground.com,Legal,1779,1/14/2015
58,Trudi,Gulliford,tgulliford1l@opera.com,Engineering,1404,4/18/2013
59,Kayley,Fluck,kfluck1m@cnn.com,Research and Development,2912,2/4/2012
60,Papageno,Josham,pjosham1n@alibaba.com,Training,1946,2/2/2018
61,Morganica,Mansel,mmansel1o@shop-pro.jp,Human Resources,1436,1/21/2012
62,Birk,Matelaitis,bmatelaitis1p@microsoft.com,Business Development,2834,11/1/2014
63,Mallissa,Ivanishchev,mivanishchev1q@fc2.com,Human Resources,1874,1/7/2012
64,Bentley,Bebb,bbebb1r@columbia.edu,Engineering,2060,11/17/2013
65,Hersh,Kermott,hkermott1s@hibu.com,Training,1285,7/4/2016
66,Dimitry,Ghilardi,dghilardi1t@imageshack.us,Services,1936,7/22/2011
67,Alyson,McCready,amccready1u@shareasale.com,Legal,1663,10/12/2014
68,Essa,Jurgenson,ejurgenson1v@privacy.gov.au,Human Resources,1476,6/13/2012
69,Hank,Sandyford,hsandyford1w@miibeian.gov.cn,Research and Development,2643,8/1/2019
70,Isadora,Noyes,inoyes1x@imdb.com,Training,1793,3/3/2013
71,Thom,Nono,tnono1y@sourceforge.net,Business Development,2474,8/7/2019
72,Erminie,O'Mahoney,eomahoney1z@cpanel.net,Legal,1788,12/13/2017
73,Amelita,Margram,amargram20@google.ca,Human Resources,1494,8/20/2011
74,Cobby,Chiommienti,cchiommienti21@whitehouse.gov,Services,1211,8/20/2015
75,Gavan,Alenichicov,galenichicov22@biglobe.ne.jp,Services,2296,1/25/2016
76,Benito,Border,bborder23@cocolog-nifty.com,Training,2258,12/22/2010
77,Josefa,Oakly,joakly24@squarespace.com,Human Resources,2024,8/28/2014
78,Koral,Paradyce,kparadyce25@51.la,Business Development,2571,10/1/2015
79,Tine,Lehrle,tlehrle26@vkontakte.ru,Support,1593,12/30/2012
80,Isiahi,Lidgate,ilidgate27@apple.com,Engineering,1479,12/18/2010
81,Sheelah,Grieg,sgrieg28@tmall.com,Services,2881,11/18/2012
82,Filippo,Peebles,fpeebles29@imageshack.us,Human Resources,1260,10/26/2019
83,Marlene,Lammenga,mlammenga2a@altervista.org,Engineering,2485,3/1/2016
84,Tammy,Beacom,tbeacom2b@g.co,Research and Development,1493,1/15/2012
85,Giffie,Serrell,gserrell2c@1688.com,Sales,2444,10/6/2018
86,Michele,Harce,mharce2d@about.me,Legal,2062,6/13/2011
87,Cly,Knuckles,cknuckles2e@sfgate.com,Sales,1382,5/19/2018
88,Aloin,Giblin,agiblin2f@canalblog.com,Research and Development,2699,6/18/2014
89,Belle,Aucock,baucock2g@alexa.com,Engineering,2909,8/26/2012
90,Mei,Durran,mdurran2h@newyorker.com,Accounting,1723,6/24/2012
91,Sonnnie,Careless,scareless2i@shop-pro.jp,Business Development,2373,5/5/2019
92,Danna,Rudall,drudall2j@themeforest.net,Legal,1115,9/9/2019
93,Lula,McMonnies,lmcmonnies2k@wordpress.org,Human Resources,2648,7/18/2018
94,Cariotta,Newlove,cnewlove2l@psu.edu,Legal,1433,3/12/2015
95,Avrit,Agastina,aagastina2m@whitehouse.gov,Product Management,1093,10/16/2015
96,Muffin,O'Neill,moneill2n@reference.com,Business Development,2862,3/17/2013
97,Tod,Stockbridge,tstockbridge2o@deviantart.com,Research and Development,1279,3/27/2019
98,Sammy,Baser,sbaser2p@si.edu,Sales,1824,10/15/2019
99,Alaine,Tottem,atottem2q@house.gov,Training,1526,9/3/2017
100,Terrel,Dargan,tdargan2r@about.com,Business Development,2822,10/9/2013
101,Grant,MacGinney,gmacginney2s@stanford.edu,Business Development,2312,5/12/2017
102,Perry,Springthorp,pspringthorp2t@cnn.com,Sales,1329,5/3/2016
103,Nerti,Stidson,nstidson2u@360.cn,Research and Development,1897,2/26/2019
104,Ettore,Mocher,emocher2v@slideshare.net,Sales,2692,11/23/2011
105,Illa,Heino,iheino2w@reverbnation.com,Support,1003,8/19/2012
106,Trixie,Hindenberger,thindenberger2x@aboutads.info,Accounting,1861,3/17/2011
107,Benson,Asbery,basbery2y@cafepress.com,Human Resources,2090,6/17/2017
108,Gauthier,Schoenleiter,gschoenleiter2z@uol.com.br,Support,1603,9/11/2013
109,Elle,Hundell,ehundell30@deviantart.com,Engineering,1281,8/28/2012
110,Nataline,Whether,nwhether31@rakuten.co.jp,Product Management,1490,10/27/2019
111,Friedrich,Celier,fcelier32@sitemeter.com,Services,2748,12/23/2010
112,Arline,Kubista,akubista33@eventbrite.com,Product Management,2704,1/2/2015
113,Jacqueline,Bahia,jbahia34@reverbnation.com,Legal,1802,10/12/2011
114,Orville,Boydon,oboydon35@last.fm,Product Management,2165,11/17/2014
115,Allyce,Gorelli,agorelli36@opera.com,Engineering,2303,12/19/2011
116,Sabina,Fuller,sfuller37@51.la,Training,2741,12/3/2018
117,Dacy,Parade,dparade38@xing.com,Engineering,2406,6/23/2013
118,Raynor,Babonau,rbabonau39@w3.org,Legal,1519,4/29/2017
119,Ernesta,Bedboro,ebedboro3a@hostgator.com,Research and Development,2912,7/12/2014
120,Trudey,Attersoll,tattersoll3b@paypal.com,Product Management,1076,7/12/2018
121,Flin,Seelbach,fseelbach3c@cafepress.com,Services,2116,5/9/2011
122,Vania,Bavin,vbavin3d@drupal.org,Human Resources,1172,12/19/2016
123,Leslie,Swynley,lswynley3e@ibm.com,Services,2023,9/30/2017
124,Sheffie,Cicchitello,scicchitello3f@netvibes.com,Human Resources,1570,10/25/2013
125,Theodoric,Maceur,tmaceur3g@ask.com,Engineering,1891,9/12/2018
126,Levon,Cornelissen,lcornelissen3h@scientificamerican.com,Business Development,2068,12/29/2017
127,Cornie,Owttrim,cowttrim3i@usatoday.com,Support,2360,5/17/2013
128,Angus,Sutehall,asutehall3j@usda.gov,Training,2448,4/1/2014
129,Clementia,Skirving,cskirving3k@163.com,Support,2603,11/6/2019
130,Adham,Milkeham,amilkeham3l@bbb.org,Training,2526,9/4/2012
131,Gisele,Gerner,ggerner3m@apple.com,Services,1698,12/26/2015
132,Lettie,Meritt,lmeritt3n@merriam-webster.com,Product Management,1306,3/21/2014
133,Briano,Wilgar,bwilgar3o@nydailynews.com,Training,2530,4/3/2018
134,Devora,Bolderson,dbolderson3p@biblegateway.com,Services,1453,9/7/2011
135,Lynelle,Smillie,lsmillie3q@upenn.edu,Services,1889,7/2/2013
136,Mathilde,Kochs,mkochs3r@epa.gov,Human Resources,1551,9/6/2018
137,Lilias,Karpenya,lkarpenya3s@who.int,Product Management,1111,3/8/2018
138,Kacie,Bremley,kbremley3t@washingtonpost.com,Business Development,1267,9/28/2016
139,Shalna,Samson,ssamson3u@printfriendly.com,Marketing,1007,10/12/2017
140,Ulrika,Crowdson,ucrowdson3v@statcounter.com,Business Development,1694,3/16/2012
141,Salomi,Dron,sdron3w@bloglines.com,Product Management,2371,8/29/2019
142,William,Mioni,wmioni3x@twitpic.com,Business Development,1377,8/27/2019
143,Stinky,Macourek,smacourek3y@gnu.org,Research and Development,1433,12/28/2010
144,Illa,Tippler,itippler3z@usatoday.com,Sales,2100,2/17/2016
145,Curt,Plaskett,cplaskett40@msu.edu,Human Resources,1672,8/25/2014
146,Theo,Street,tstreet41@issuu.com,Support,1294,2/16/2014
147,Kristal,Brou,kbrou42@studiopress.com,Sales,1174,10/2/2015
148,Staford,Poate,spoate43@over-blog.com,Legal,2139,11/17/2018
149,Tillie,Warfield,twarfield44@house.gov,Support,1571,4/10/2012
150,Rolando,Wallage,rwallage45@newsvine.com,Engineering,1914,6/21/2019
151,Farrel,Templman,ftemplman46@bandcamp.com,Legal,2571,10/26/2014
152,Ansley,Elvidge,aelvidge47@hud.gov,Research and Development,2254,5/21/2014
153,Viviene,Rogerot,vrogerot48@homestead.com,Product Management,2910,3/4/2012
154,Jessey,Jubb,jjubb49@netvibes.com,Legal,1765,2/2/2014
155,Alli,Chipman,achipman4a@telegraph.co.uk,Research and Development,1179,10/20/2019
156,Karel,Whellams,kwhellams4b@oaic.gov.au,Engineering,2097,8/29/2017
157,Bernice,Duxbury,bduxbury4c@cargocollective.com,Marketing,2444,7/23/2018
158,Mabelle,Leydon,mleydon4d@goodreads.com,Marketing,2787,3/14/2011
159,Cesar,Castiglioni,ccastiglioni4e@theatlantic.com,Services,1629,3/28/2011
160,Bartolomeo,Streeter,bstreeter4f@amazon.co.jp,Human Resources,2818,12/9/2017
161,Augie,Gallichan,agallichan4g@umn.edu,Legal,2593,7/8/2019
162,Hilliard,Conti,hconti4h@economist.com,Legal,2371,3/6/2013
163,Orelee,Poundford,opoundford4i@bbb.org,Support,2645,7/19/2013
164,Rollo,Tatchell,rtatchell4j@jimdo.com,Engineering,2442,5/13/2017
165,Patrizia,Cardon,pcardon4k@tuttocitta.it,Marketing,2209,5/7/2019
166,Elden,Cullity,ecullity4l@dropbox.com,Training,2506,12/27/2015
167,Mead,McShirie,mmcshirie4m@com.com,Support,2428,10/19/2014
168,Wildon,Laurens,wlaurens4n@accuweather.com,Marketing,2641,3/25/2016
169,Doralia,Potier,dpotier4o@mail.ru,Support,1749,6/3/2013
170,Kara-lynn,Hambleton,khambleton4p@w3.org,Training,1438,8/5/2016
171,Donelle,Trahear,dtrahear4q@instagram.com,Marketing,2203,5/25/2018
172,Terry,Joderli,tjoderli4r@163.com,Marketing,1253,6/28/2013
173,Franny,Espinas,fespinas4s@amazon.com,Research and Development,2543,10/2/2014
174,Francklyn,Almack,falmack4t@statcounter.com,Engineering,1608,3/1/2019
175,Berti,Hansman,bhansman4u@ameblo.jp,Training,1944,5/16/2012
176,Billy,Antoniottii,bantoniottii4v@blinklist.com,Support,1542,6/3/2012
177,Booth,Pyzer,bpyzer4w@ning.com,Business Development,1656,12/25/2018
178,Kimmi,Labbet,klabbet4x@barnesandnoble.com,Research and Development,2080,3/21/2013
179,Erek,Manach,emanach4y@51.la,Marketing,1602,10/15/2015
180,Perle,Chisholm,pchisholm4z@patch.com,Human Resources,2975,5/5/2019
181,Tore,Burnsall,tburnsall50@xinhuanet.com,Sales,1520,7/14/2018
182,Judas,Derisley,jderisley51@hao123.com,Product Management,2630,7/25/2018
183,Dione,Durrad,ddurrad52@cdc.gov,Support,1101,6/10/2017
184,Denice,Nadin,dnadin53@fc2.com,Sales,2286,11/24/2017
185,Willyt,Giraths,wgiraths54@microsoft.com,Training,1077,4/6/2018
186,Clayborn,Tattersall,ctattersall55@answers.com,Research and Development,2074,12/1/2010
187,Liuka,Spruce,lspruce56@soup.io,Business Development,1859,3/16/2016
188,Bari,Hambrook,bhambrook57@businesswire.com,Product Management,1464,4/2/2017
189,Yoshi,Reason,yreason58@lulu.com,Accounting,1996,8/26/2017
190,Thornton,Espinosa,tespinosa59@alexa.com,Services,1204,7/16/2018
191,Trula,French,tfrench5a@wikimedia.org,Human Resources,2656,3/26/2011
192,Shel,Harden,sharden5b@phpbb.com,Product Management,2004,7/29/2019
193,Sybil,Vernazza,svernazza5c@macromedia.com,Product Management,1409,5/24/2013
194,Clark,Baumert,cbaumert5d@ask.com,Marketing,1833,7/20/2012
195,Bernadina,Baulch,bbaulch5e@washington.edu,Accounting,2046,7/8/2017
196,Ravi,Seston,rseston5f@tinyurl.com,Support,1223,8/16/2016
197,Ainsley,Kennon,akennon5g@loc.gov,Business Development,1810,5/27/2013
198,Walt,Olivari,wolivari5h@uol.com.br,Human Resources,2986,10/19/2018
199,Petronia,Burnhill,pburnhill5i@unblog.fr,Research and Development,1687,8/5/2016
200,Garrick,Merigon,gmerigon5j@cbc.ca,Product Management,2250,7/23/2011
